name,directory,main_file
AbyssPay,app/Gateway/AbyssPay,AbyssPayGatewable.php
AdvancePay,app/Gateway/AdvancePay,AdvancePayGatewable.php
Aegis,app/Gateway/Aegis,Aegis.php
Affor,app/Gateway/Affor,AfforGatewable.php
Age,app/Gateway/Age,AgeGatewable.php
AirPay,app/Gateway/AirPay,AirPayGatewable.php
AisPay,app/Gateway/AisPay,AisPay.php
AlgaPay,app/Gateway/AlgaPay,AlgaPayGatewable.php
Amakepay,app/Gateway/Amakepay,AmakePayGatewable.php
Ampay,app/Gateway/Ampay,AmpayGatewable.php
ApiBank,app/Gateway/ApiBank,ApiBankGatewable.php
AquaCore,app/Gateway/AquaCore,AquaCoreGatewable.php
Archex,app/Gateway/Archex,ArchexGatewable.php
AssanPay,app/Gateway/AssanPay,AssanPayGatewable.php
Asterisk,app/Gateway/Asterisk,AsteriskGatewable.php
AtgPay,app/Gateway/AtgPay,AtgPayGatewable.php
Atlantpay,app/Gateway/Atlantpay,Atlantpay.php
Axiome,app/Gateway/Axiome,AxiomeGatewable.php
Axiron,app/Gateway/Axiron,AxironGatewable.php
Bars,app/Gateway/Bars,BarsGatewable.php
BasicPay,app/Gateway/BasicPay,BasicPayGatewable.php
BetaTransfer,app/Gateway/BetaTransfer,BetaTransferGatewable.php
BillionPay,app/Gateway/BillionPay,BillionPayGatewable.php
Bitwire,app/Gateway/Bitwire,BitwireGatewable.php
Bitzone,app/Gateway/Bitzone,BitzoneGatewable.php
BlackLemon,app/Gateway/BlackLemon,BlackLemonGatewable.php
BlackOut,app/Gateway/BlackOut,BlackOutGatewable.php
BNN,app/Gateway/BNN,BNNGatewable.php
BNPay,app/Gateway/BNPay,BNPayGatewable.php
Bridgepay,app/Gateway/Bridgepay,Bridgepay.php
Bruno,app/Gateway/Bruno,BrunoARS.php
BrusnikaPay,app/Gateway/BrusnikaPay,BrusnikapayGatewable.php
BucksBunny,app/Gateway/BucksBunny,BucksBunnyGatewable.php
Calypso,app/Gateway/Calypso,CalypsoGatewable.php
Cards2Cards,app/Gateway/Cards2Cards,Cards2Cards.php
Cashalot,app/Gateway/Cashalot,Cashalot.php
ConnPay,app/Gateway/ConnPay,ConnPayGatewable.php
Cryptol,app/Gateway/Cryptol,CryptolGatewable.php
Crypton,app/Gateway/Crypton,CryptonGatewable.php
CryptUra,app/Gateway/CryptUra,CryptUraGatewable.php
DaoPayments,app/Gateway/DaoPayments,DaoPaymentsGatewable.php
DashPay,app/Gateway/DashPay,DashPay.php
DragonPay,app/Gateway/DragonPay,DragonPayGatewable.php
EasyPay,app/Gateway/EasyPay,Easypay.php
EcoPay,app/Gateway/EcoPay,EcoPay.php
Endurance,app/Gateway/Endurance,EnduranceGatewable.php
Epicsplat,app/Gateway/Epicsplat,Epicsplat.php
Euphoria,app/Gateway/Euphoria,EuphoriaGatewable.php
EuroPay,app/Gateway/EuroPay,EuroPayGatewable.php
ExPay,app/Gateway/ExPay,ExPayGatewable.php
Exwave,app/Gateway/Exwave,ExwaveGatewable.php
EzePay,app/Gateway/EzePay,EzePay.php
FairPay,app/Gateway/FairPay,FairPayGatewable.php
FastPay,app/Gateway/FastPay,FastPay.php
Finaxis,app/Gateway/Finaxis,FinaxisGatewable.php
Fincore,app/Gateway/Fincore,FincoreASGatewable.php
Fintrix,app/Gateway/Fintrix,Fintrix.php
FinVia,app/Gateway/FinVia,FinViaGatewable.php
Finzora,app/Gateway/Finzora,FinzoraGatewable.php
Fireex,app/Gateway/Fireex,Fireex.php
FlashPay,app/Gateway/FlashPay,FlashPayGatewable.php
Flintpays,app/Gateway/Flintpays,FlintpaysGatewable.php
FortEx,app/Gateway/FortEx,FortExGatewable.php
Fourpay,app/Gateway/Fourpay,Fourpay.php
FreeFlow,app/Gateway/FreeFlow,FreeFlowGatewable.php
Gambit,app/Gateway/Gambit,GambitGatewable.php
Garex,app/Gateway/Garex,GarexGatewable.php
Geotransfer,app/Gateway/Geotransfer,Geotransfer.php
GiPayGetQr,app/Gateway/GiPayGetQr,GiPayGetQrGatewable.php
GoatX,app/Gateway/GoatX,GoatXGatewable.php
GoldenPay,app/Gateway/GoldenPay,GoldenPay.php
Goldex,app/Gateway/Goldex,GoldexGatewable.php
Gostex,app/Gateway/Gostex,GostexEcomGatewable.php
GothamTrade,app/Gateway/GothamTrade,GothamTradeGatewable.php
Grizzly,app/Gateway/Grizzly,GrizzlyGatewable.php
HanPay,app/Gateway/HanPay,HanPayGatewable.php
HighHelp,app/Gateway/HighHelp,HighHelpGatewable.php
Homelander,app/Gateway/Homelander,HomelanderGatewable.php
HoneyMoney,app/Gateway/HoneyMoney,HoneyMoneyGatewable.php
HostaPay,app/Gateway/HostaPay,HostaPayH2HGatewable.php
HubPay,app/Gateway/HubPay,HubPay.php
Ikra,app/Gateway/Ikra,IkraGatewable.php
ImpulseCards,app/Gateway/ImpulseCards,ImpulseCardsGatewable.php
Incas,app/Gateway/Incas,Incas2Gatewable.php
Infinity,app/Gateway/Infinity,InfinityGatewable.php
Inspay,app/Gateway/Inspay,InspayGatewable.php
IntelPay,app/Gateway/IntelPay,IntelPayGatewable.php
InternalTrade,app/Gateway/InternalTrade,PspruGatewable.php
InterPayment,app/Gateway/InterPayment,InterPaymentGatewable.php
Inwizo,app/Gateway/Inwizo,InwizoGatewable.php
IPayIndia,app/Gateway/IPayIndia,IPayIndiaGatewable.php
JetPayHub,app/Gateway/JetPayHub,JetPayHubGatewable.php
Juppiter,app/Gateway/Juppiter,JuppiterGatewable.php
JustMoney,app/Gateway/JustMoney,JustMoney.php
KingsmanPay,app/Gateway/KingsmanPay,KingsmanPayGatewable.php
Kpay,app/Gateway/Kpay,KpayGatewable.php
Kredos,app/Gateway/Kredos,KredosASGatewable.php
LazyTrade,app/Gateway/LazyTrade,LazyTradeGatewable.php
Liberty,app/Gateway/Liberty,LibertyGatewable.php
Lipad,app/Gateway/Lipad,LipadGatewable.php
Macanp2p,app/Gateway/Macanp2p,Macanp2p.php
ManyPay,app/Gateway/ManyPay,ManyPayGatewable.php
Mateo,app/Gateway/Mateo,Mateo.php
Mercurio,app/Gateway/Mercurio,Mercurio.php
Meridian,app/Gateway/Meridian,MeridianGatewable.php
Midas,app/Gateway/Midas,MidasGatewable.php
Mikassa,app/Gateway/Mikassa,MikassaGatewable.php
Millenium,app/Gateway/Millenium,Millenium.php
Mobius,app/Gateway/Mobius,MobiusPayGatewable.php
MoneyHub,app/Gateway/MoneyHub,MoneyHub.php
Moneystery,app/Gateway/Moneystery,MoneysteryGatewable.php
Montra,app/Gateway/Montra,MontraGatewable.php
MyXspend,app/Gateway/MyXspend,MyXspendGatewable.php
Neon,app/Gateway/Neon,NeonGatewable.php
NetPay,app/Gateway/NetPay,NetPayGatewable.php
NeuralPay,app/Gateway/NeuralPay,NeuralPayGatewable.php
Nimbo,app/Gateway/Nimbo,NimboGatewable.php
NirvanaPay,app/Gateway/NirvanaPay,NirvanaPayGatewable.php
NoName,app/Gateway/NoName,NoName.php
Noros,app/Gateway/Noros,NorosGatewable.php
NspkPayments,app/Gateway/NspkPayments,NspkPaymentsGatewable.php
Octo,app/Gateway/Octo,OctoGatewable.php
Odyssey,app/Gateway/Odyssey,OdysseyGatewable.php
OnePays,app/Gateway/OnePays,OnePaysGatewayable.php
Onlyone,app/Gateway/Onlyone,OnlyoneGatewable.php
Onyx,app/Gateway/Onyx,Onyx.php
P2plab,app/Gateway/P2plab,P2plabGatewable.php
PandaPay,app/Gateway/PandaPay,PandaPayGatewable.php
Pandora,app/Gateway/Pandora,PandoraGatewable.php
Paradise,app/Gateway/Paradise,ParadiseSbp.php
Parallax,app/Gateway/Parallax,ParallaxGatewable.php
Pay4,app/Gateway/Pay4,Pay4Gatewable.php
Pay4kaz,app/Gateway/Pay4kaz,Pay4kazGatewable.php
Payblis,app/Gateway/Payblis,PayblisGatewable.php
Paybox,app/Gateway/Paybox,Paybox.php
PayConnect,app/Gateway/PayConnect,PayConnect.php
PayCraftCascade,app/Gateway/PayCraftCascade,PayCraftCascadeDeepLink.php
PayCrown,app/Gateway/PayCrown,PayCrownAzerGatewable.php
PayFinity,app/Gateway/PayFinity,PayFinityGatewable.php
PayGateCore,app/Gateway/PayGateCore,PayGateCoreGatewable.php
PayGuru,app/Gateway/PayGuru,PayGuruGatewable.php
PayHub,app/Gateway/PayHub,PayHub.php
PayHub24,app/Gateway/PayHub24,PayHub24Gatewable.php
Paykong,app/Gateway/Paykong,Paykong.php
Paylion,app/Gateway/Paylion,Paylion.php
Payloft,app/Gateway/Payloft,PayloftGatewable.php
Paylord,app/Gateway/Paylord,PaylordGatewable.php
PayMap,app/Gateway/PayMap,PayMapGatewable.php
Paymatrix,app/Gateway/Paymatrix,Paymatrix.php
Paymax,app/Gateway/Paymax,Paymax.php
Payme,app/Gateway/Payme,PaymeGatewable.php
PaymentGate,app/Gateway/PaymentGate,PaymentGateGatewable.php
Payok,app/Gateway/Payok,Payok.php
Payou,app/Gateway/Payou,PayouGatewable.php
PayPaper,app/Gateway/PayPaper,PayPaperGatewable.php
PayPass,app/Gateway/PayPass,PayPass.php
Payrex,app/Gateway/Payrex,PayrexGatewable.php
Payscrow,app/Gateway/Payscrow,Payscrow.php
PayscrowCascad,app/Gateway/PayscrowCascad,PayscrowCascadeGatewable.php
PayShark,app/Gateway/PayShark,PaySharkGatewable.php
PayTop,app/Gateway/PayTop,PayTopGatewable.php
PayUp,app/Gateway/PayUp,PayUpGatewable.php
PayVia,app/Gateway/PayVia,PayViaGatewable.php
Payzen,app/Gateway/Payzen,PayzenGatewable.php
Peerflow,app/Gateway/Peerflow,PeerflowGatewable.php
PeerX,app/Gateway/PeerX,PeerX.php
PiqPay,app/Gateway/PiqPay,PiqPayGatewable.php
Plaidex,app/Gateway/Plaidex,PlaidexGatewable.php
PollyPay,app/Gateway/PollyPay,PollyPayGatewable.php
PracmaticPay,app/Gateway/PracmaticPay,PracmaticPayGatewable.php
PrimePay,app/Gateway/PrimePay,PrimePayGatewable.php
PrMoney,app/Gateway/PrMoney,PrMoneyGatewable.php
Profiat,app/Gateway/Profiat,Profiat.php
ProFiat,app/Gateway/ProFiat,ProFiatGatewable.php
PSPware,app/Gateway/PSPware,PSPwareGatewable.php
PulsePay,app/Gateway/PulsePay,PulsePayGatewable.php
PUMP2P,app/Gateway/PUMP2P,PUMP2PGatewable.php
PWPay,app/Gateway/PWPay,PWPayGatewable.php
Pyroxpro,app/Gateway/Pyroxpro,PyroxproGatewable.php
Qub,app/Gateway/Qub,QubPayGatewable.php
RayPay,app/Gateway/RayPay,RayPayGatewable.php
ReaPay,app/Gateway/ReaPay,ReaPay.php
Repay,app/Gateway/Repay,RepayGatewable.php
Revena,app/Gateway/Revena,RevenaGatewable.php
RichDuck,app/Gateway/RichDuck,Richduck.php
RoyalFinance,app/Gateway/RoyalFinance,RoyalFinance.php
RubikPay,app/Gateway/RubikPay,RubikBtdGatewable.php
RubPay,app/Gateway/RubPay,RubPayGatewable.php
Satuno,app/Gateway/Satuno,SatunoGatewable.php
ScorpEx,app/Gateway/ScorpEx,ScorpEx.php
Scroogepay,app/Gateway/Scroogepay,ScroogepayGatewable.php
SecurePay,app/Gateway/SecurePay,SecurePay.php
SequoiaPay,app/Gateway/SequoiaPay,SequoiaPayGatewable.php
SevenX,app/Gateway/SevenX,SevenXGatewable.php
SilkPay,app/Gateway/SilkPay,SilkPayGatewable.php
Solvex,app/Gateway/Solvex,SolvexGatewable.php
Star2Pay,app/Gateway/Star2Pay,Star2Pay.php
StarPago,app/Gateway/StarPago,StarPagoGatewable.php
Stbl,app/Gateway/Stbl,StblGatewable.php
SuperPay,app/Gateway/SuperPay,SuperPayBank.php
Sweets,app/Gateway/Sweets,SweetsGatewable.php
TanukiTrades,app/Gateway/TanukiTrades,TanukiTradesGatewable.php
Tapbank,app/Gateway/Tapbank,TapbankGatewable.php
TeaSolution,app/Gateway/TeaSolution,TeaSolutionGatewable.php
Tenet,app/Gateway/Tenet,TenetGatewable.php
TimiPay,app/Gateway/TimiPay,TimyPayGatewable.php
Titan,app/Gateway/Titan,TitanGatewable.php
Traits,app/Gateway/Traits,LogsHttpRequests.php
Transavex,app/Gateway/Transavex,TransavexGatewable.php
TransferNo,app/Gateway/TransferNo,TransferNoGatewable.php
TrustGate,app/Gateway/TrustGate,TrustGateGatewable.php
TrustPay,app/Gateway/TrustPay,TrustPay.php
TSPay,app/Gateway/TSPay,TSPayGatewable.php
TwentyThree,app/Gateway/TwentyThree,TwentyThreeGatewable.php
UniPay,app/Gateway/UniPay,UniPay.php
Uvion,app/Gateway/Uvion,UvionDeepLinkKGS.php
Vellora,app/Gateway/Vellora,VelloraGatewable.php
Vexora,app/Gateway/Vexora,Vexora.php
Voice,app/Gateway/Voice,Voice.php
Vortex,app/Gateway/Vortex,VortexGatewable.php
Way2Pay,app/Gateway/Way2Pay,Way2Pay.php
Way2PayCascade,app/Gateway/Way2PayCascade,Way2PayCascadeGatewable.php
Wellbit,app/Gateway/Wellbit,WellbitGatewable.php
Whmoney,app/Gateway/Whmoney,WhmoneyGatewable.php
Wirecore,app/Gateway/Wirecore,WirecoreGatewable.php
Xpayments,app/Gateway/Xpayments,XpaymentsGatewable.php
Yamipay,app/Gateway/Yamipay,YamipayAccountNumber.php
YantraPay,app/Gateway/YantraPay,YantraPayGatewable.php
YouPay,app/Gateway/YouPay,YouPayGatewayable.php
YouTrade,app/Gateway/YouTrade,YouTradeGatewable.php
Zentra,app/Gateway/Zentra,ZentraGatewable.php
